{
  "global": 1.0415136292931084,
  "horizon_bucket": {
    "1-7": 0.9964079286697732,
    "15-21": 1.0366441713938852,
    "22-28": 1.0983082052597208,
    "8-14": 1.0291270038013944
  },
  "item": {
    "Item_0": 1.2246807394105912,
    "Item_1": 0.9749937255417089,
    "Item_10": 0.9849969757433964,
    "Item_11": 0.8346683729463631,
    "Item_2": 1.1581498156909649,
    "Item_3": 1.0551429114371138,
    "Item_4": 1.312798962946944,
    "Item_5": 0.9141718291380762,
    "Item_6": 1.120315653898291,
    "Item_7": 1.0045544905077899,
    "Item_8": 1.35,
    "Item_9": 1.35
  }
}