{
  "cate2_prophet": 0.1,
  "item_prophet": 0.6000000000000001,
  "cate2_mix": 0.30000000000000004,
  "bottomup_mix": 0.0
}