{
  "global": 1.1282017346484519,
  "horizon_bucket": {
    "1-7": 1.066512445229487,
    "15-21": 1.158839327424547,
    "22-28": 1.1525258832972223,
    "8-14": 1.1344534108260673
  },
  "item": {
    "Item_0": 1.35,
    "Item_1": 0.9710387001627746,
    "Item_10": 0.8731219817102275,
    "Item_11": 0.75,
    "Item_2": 1.1082752301627345,
    "Item_3": 1.1833286774930374,
    "Item_4": 1.35,
    "Item_5": 1.0147969572392699,
    "Item_6": 1.3351449436476766,
    "Item_7": 1.3282666220798762,
    "Item_8": 1.35,
    "Item_9": 1.35
  }
}