{
  "global": 1.1371180601790343,
  "horizon_bucket": {
    "1-7": 1.0842069475041147,
    "15-21": 1.1723038591506183,
    "22-28": 1.1908341205721187,
    "8-14": 1.0987920808797214
  },
  "item": {
    "Item_0": 1.35,
    "Item_1": 0.9587815031382187,
    "Item_10": 0.9355226146076917,
    "Item_11": 0.75,
    "Item_2": 1.109437669415409,
    "Item_3": 1.20708151886566,
    "Item_4": 1.35,
    "Item_5": 1.0389795370431247,
    "Item_6": 1.35,
    "Item_7": 1.2968960032242431,
    "Item_8": 1.35,
    "Item_9": 1.35
  }
}