model,score,actual_sum,forecast_sum,abs_error_sum,signed_error_sum,bias_ratio,n_rows
ensemble,0.614466815014225,15795.0,13560.666721639347,6664.271161704178,-2234.333278360653,-0.14145826390380836,2016.0
item_prophet,0.6096901717660341,15795.0,13802.470956005538,6739.606677182946,-1992.5290439944602,-0.1261493538458031,2016.0
cate2_mix,0.5810551058551584,15795.0,13293.725,7213.780310373504,-2501.275,-0.15835865780310227,2016.0
bottomup_mix,0.5556062044950935,15795.0,13293.724999999999,7636.825,-2501.2749999999996,-0.15835865780310224,2016.0
cate2_prophet,0.5457796344866672,15795.0,12401.920524354686,7706.423725518049,-3393.0794756453156,-0.2148198465112577,2016.0
